site,year,sheet,remarks
AB14,2009,Campaign,
AB14,2011,Campaign,
ADMI,1997,Campaign,
ADMI,1999,Campaign,
ADMI,2009,Campaign,
ADMI,2011,Campaign,
ALAB,2013,Continuous,
ANGT,2013,Continuous,
ANQ0,2008,Campaign,
ANQ0,2009,Campaign,
ANQ0,2011,Campaign,
ANQ0,2012,Campaign,
ANQ0,2013,Campaign,
ANTP,2013,Continuous,
APAR,2013,Continuous,
AR17,2008,Campaign,
AR17,2009,Campaign,
AR17,2011,Campaign,
AR17,2012,Campaign,
AR17,2013,Campaign,
AR30,2008,Campaign,
AR30,2009,Campaign,
AR30,2011,Campaign,
AR30,2012,Campaign,
AR30,2013,Campaign,
ATIM,2013,Continuous,
AURA,2012,Continuous,
AURA,2013,Continuous,
BACO,2012,Continuous,
BACO,2013,Continuous,
BAGU,2012,Continuous,
BAGU,2013,Continuous,
BALA,2013,Continuous,
BANI,2013,Campaign,
BARA,2008,Campaign,
BARA,2009,Campaign,
BARA,2011,Campaign,
BARA,2012,Campaign,
BARA,2013,Campaign,
BASC,2012,Continuous,
BGB1,2000,Campaign,
BGB1,2004,Campaign,
BGB1,2008,Campaign,
BGB1,2009,Campaign,
BGB1,2011,Campaign,
BGB1,2013,Campaign,
BLN2,2012,Continuous,
BNBA,2008,Campaign,
BNBA,2009,Campaign,
BNBA,2011,Campaign,
BNBA,2012,Campaign,
BNBA,2013,Campaign,
BONG,2012,Campaign,
BONT,2012,Continuous,
BONT,2013,Continuous,
BR14,2009,Campaign,
BR14,2011,Campaign,
BR14,2012,Campaign,
BR14,2013,Campaign,
BRGC,2012,Continuous,To convert
BSCS,2009,Campaign,
BSCS,2011,Campaign,
BSCS,2013,Campaign,
BTUN,2013,Continuous,
BUCA,2006,Campaign,
BUCA,2008,Campaign,
BUCA,2010,Campaign,
BUCA,2011,Campaign,
BUCA,2012,Campaign,
BUCA,2013,Campaign,
BUGS,2013,Continuous,
BULA,2010,Continuous,
BULA,2012,Continuous,
BULA,2013,Continuous,
BURG,2006,Campaign,
BURG,2008,Campaign,
BURG,2010,Campaign,
BURG,2011,Campaign,
BURG,2012,Campaign,
BURG,2013,Campaign,
CABN,2019,Continuous,
CACA,2013,Continuous,
CALC,2013,Continuous,
CALI,2010,Campaign,
CALI,2011,Campaign,
CALI,2012,Campaign,
CATA,2012,Continuous,To convert
CATA,2013,Continuous,To convert
CATM,2008,Campaign,
CATM,2010,Campaign,
CATM,2011,Campaign,
CCA5,1998,Campaign,
CCA5,2012,Campaign,
CCA5,2013,Campaign,
CEB1,2009,Campaign,
CEB1,2011,Campaign,
CEB1,2012,Campaign,
CEBA,1999,Campaign,
CEBA,2001,Campaign,
CEBA,2009,Campaign,
CEBA,2011,Campaign,
CEBA,2012,Campaign,
CEBB,1997,Campaign,
CEBB,1999,Campaign,
CEBB,2001,Campaign,
CEBC,2009,Campaign,
CEBC,2011,Campaign,
CEBC,2012,Campaign,
CEBD,2009,Campaign,Converting
CEBD,2011,Campaign,Converting
CEBD,2012,Campaign,Converting
CEBM,2015,Campaign,
CLAV,2012,Continuous,
CMGN,2013,Continuous,
CMN2,1998,Campaign,
CMN2,1999,Campaign,
CMN2,2000,Campaign,
CMN2,2004,Campaign,
CMN2,2006,Campaign,
CMN2,2008,Campaign,
CMN2,2010,Campaign,
CMN2,2013,Campaign,
CMS2,1998,Campaign,
CMS2,1999,Campaign,
CMS2,2000,Campaign,
CMS2,2004,Campaign,
CMS2,2006,Campaign,
CMS2,2010,Campaign,
CMS2,2011,Campaign,
CMS2,2013,Campaign,
COTA,2009,Campaign,
COTA,2010,Campaign,
COTA,2012,Campaign,
COTA,2013,Campaign,
COTB,2009,Campaign,
COTB,2010,Campaign,
COTB,2012,Campaign,
COTB,2013,Campaign,
COTC,2009,Campaign,
COTC,2010,Campaign,
COTC,2012,Campaign,
COTC,2013,Campaign,
COTD,2009,Campaign,
COTD,2010,Campaign,
COTD,2012,Campaign,
COTD,2014,Campaign,
COTF,2009,Campaign,
COTF,2010,Campaign,
COTF,2012,Campaign,
COTG,2009,Campaign,To retrieve
COTG,2010,Campaign,To retrieve
COTG,2012,Campaign,To retrieve
COTG,2013,Campaign,To retrieve
COTH,2009,Campaign,
COTH,2010,Campaign,
CRIS,1999,Campaign,
CRIS,2000,Campaign,
CRIS,2004,Campaign,
CRIS,2008,Campaign,
CRIS,2009,Campaign,
CRIS,2011,Campaign,
CRIS,2013,Campaign,
CRIS,2019,Campaign,
CRLN,2008,Campaign,
CRLN,2009,Campaign,
CRLN,2011,Campaign,
CRLN,2013,Campaign,
CRLN,2019,Campaign,
CTE1,2009,Campaign,
CTE1,2010,Campaign,
CTE1,2012,Campaign,
CTE1,2013,Campaign,
CUYP,2009,Campaign,
CUYP,2011,Campaign,
CUYP,2012,Campaign,
CUYP,2013,Campaign,
CUYP,2019,Campaign,
DINA,2008,Campaign,
DINA,2011,Campaign,
DINA,2012,Campaign,
DINA,2013,Campaign,
DIPA,2008,Campaign,
DIPA,2009,Campaign,
DIPA,2011,Campaign,
DIPA,2013,Campaign,
DIPA,2019,Campaign,
ELNA,2013,Continuous,
GUNG,2013,Continuous,
GUNY,2008,Campaign,
GUNY,2010,Campaign,
GUNY,2011,Campaign,
GUNY,2012,Campaign,
GUNY,2013,Campaign,
IBAZ,2012,Continuous,
IBAZ,2013,Continuous,
IFG1,1998,Campaign,
IFG1,2009,Campaign,
IFG1,2010,Campaign,
IFG1,2011,Campaign,
IFG1,2013,Campaign,
ILN3,2009,Campaign,
ILN3,2011,Campaign,
ILN3,2012,Campaign,
ILN3,2013,Campaign,
ILO2,1997,Campaign,
ILO2,1999,Campaign,
ILO2,2002,Campaign,
ILO2,2009,Campaign,
ILO2,2010,Campaign,
ILO2,2011,Campaign,
INFA,2013,Continuous,To retrieve
ISB4,2008,Campaign,
ISB4,2009,Campaign,
ISB4,2011,Campaign,
ISB4,2013,Campaign,
ITBA,2012,Continuous,
ITGN,2008,Campaign,
ITGN,2009,Campaign,
ITGN,2010,Campaign,
ITGN,2011,Campaign,
ITGN,2012,Campaign,
ITGN,2013,Campaign,
ITGN,2019,Campaign,
JONA,2013,Campaign,
JONA,2017,Campaign,
JOSE,2010,Continuous,To retrieve
JOSE,2012,Continuous,To retrieve
JOSE,2013,Continuous,To retrieve
KA08,2009,Campaign,
KA08,2011,Campaign,
KA08,2012,Campaign,
KA08,2013,Campaign,
KBNK,2015,Campaign,
KIBU,2013,Campaign,
LABO,2013,Continuous,
LAG1,1998,Campaign,
LAG1,2012,Campaign,
LAG1,2013,Campaign,
LAGW,2012,Continuous,
LAGW,2013,Continuous,
LAGW,2019,Continuous,
LEA1,1995,Campaign,
LEA1,1997,Campaign,
LEA1,1999,Campaign,
LEA1,2001,Campaign,
LEA1,2009,Campaign,
LEA1,2011,Campaign,
LEB1,2009,Campaign,
LEB1,2011,Campaign,
LEC1,2001,Campaign,
LEC1,2009,Campaign,
LEC1,2011,Campaign,
LEY1,2014,Campaign,
LEY5,2014,Campaign,
LEYB,1994,Campaign,
LEYB,1995,Campaign,
LEYB,1996,Campaign,
LEYB,1997,Campaign,
LEYB,1999,Campaign,
LEYB,2001,Campaign,
LEYB,2009,Campaign,
LEYB,2011,Campaign,
LEYC,2009,Campaign,
LEYC,2011,Campaign,
LEYD,2009,Campaign,
LEYD,2011,Campaign,
LEYD,2017,Campaign,
LEYE,1997,Campaign,
LEYE,1999,Campaign,
LEYE,2001,Campaign,
LEYE,2009,Campaign,
LEYE,2011,Campaign,
LEYE,2012,Campaign,
LEYF,2009,Campaign,
LEYF,2011,Campaign,
LEYG,1995,Campaign,
LEYG,1997,Campaign,
LEYG,1999,Campaign,
LEYG,2009,Campaign,
LEYG,2011,Campaign,
LEYG,2012,Campaign,
LEYH,1995,Campaign,Converting
LEYH,1999,Campaign,Converting
LEYH,2001,Campaign,Converting
LEYH,2009,Campaign,Converting
LEYH,2011,Campaign,Converting
LEYH,2012,Campaign,Converting
LEYH,2014,Campaign,Converting
LEYI,1995,Campaign,
LEYI,1999,Campaign,
LEYI,2001,Campaign,
LEYI,2009,Campaign,
LEYI,2011,Campaign,
LEYJ,2001,Campaign,
LEYJ,2009,Campaign,
LEYJ,2011,Campaign,
LEYJ,2012,Campaign,
LGYE,2013,Continuous,
LOP2,2006,Campaign,
LOP2,2008,Campaign,
LOP2,2010,Campaign,
LOP2,2011,Campaign,
LOP2,2017,Campaign,
LUBU,2010,Campaign,
LUBU,2011,Campaign,
LUBU,2013,Campaign,
LUCB,2013,Continuous,
LUN1,2008,Campaign,To retrieve
LUN1,2009,Campaign,To retrieve
LUN1,2011,Campaign,To retrieve
LUN2,2008,Campaign,
LUN2,2009,Campaign,
LUN2,2011,Campaign,
LUN2,2013,Campaign,
LUZA,1996,Campaign,Converting
LUZA,1997,Campaign,Converting
LUZA,1998,Campaign,Converting
LUZA,1999,Campaign,Converting
LUZA,2000,Campaign,Converting
LUZA,2004,Campaign,Converting
LUZA,2007,Campaign,Converting
LUZA,2009,Campaign,Converting
LUZA,2011,Campaign,Converting
LUZA,2012,Campaign,Converting
LUZA,2013,Campaign,Converting
LUZC,1996,Campaign,
LUZC,1997,Campaign,
LUZC,1998,Campaign,
LUZC,1999,Campaign,
LUZC,2000,Campaign,
LUZC,2004,Campaign,
LUZC,2008,Campaign,
LUZC,2009,Campaign,
LUZC,2011,Campaign,
LUZC,2012,Campaign,
LUZC,2013,Campaign,
LUZC,2019,Campaign,
LUZD,1996,Campaign,
LUZD,1997,Campaign,
LUZD,1998,Campaign,
LUZD,1999,Campaign,
LUZD,2000,Campaign,
LUZD,2004,Campaign,
LUZD,2007,Campaign,
LUZD,2009,Campaign,
LUZD,2010,Campaign,
LUZD,2011,Campaign,
LUZD,2012,Campaign,
LUZD,2013,Campaign,
LUZE,1996,Campaign,
LUZE,1997,Campaign,
LUZE,1998,Campaign,
LUZE,1999,Campaign,
LUZE,2000,Campaign,
LUZE,2004,Campaign,
LUZE,2007,Campaign,
LUZE,2011,Campaign,
LUZF,1996,Campaign,
LUZF,1997,Campaign,
LUZF,1998,Campaign,
LUZF,1999,Campaign,
LUZF,2000,Campaign,
LUZF,2004,Campaign,
LUZF,2007,Campaign,
LUZF,2011,Campaign,
LUZF,2013,Campaign,
LUZG,1996,Campaign,
LUZG,1997,Campaign,
LUZG,1998,Campaign,
LUZG,1999,Campaign,
LUZG,2000,Campaign,
LUZG,2004,Campaign,
LUZG,2007,Campaign,
LUZG,2009,Campaign,
LUZG,2011,Campaign,
LUZG,2013,Campaign,
LUZH,1996,Campaign,
LUZH,1997,Campaign,
LUZH,1998,Campaign,
LUZH,1999,Campaign,
LUZH,2000,Campaign,
LUZH,2004,Campaign,
LUZH,2007,Campaign,
LUZH,2009,Campaign,
LUZH,2012,Campaign,
LUZH,2013,Campaign,
LUZN,2012,Campaign,
LUZP,2012,Campaign,
MAA1,1998,Campaign,To retrieve
MAA1,2009,Campaign,To retrieve
MAA1,2010,Campaign,To retrieve
MAA1,2012,Campaign,To retrieve
MAA1,2014,Campaign,To retrieve
MAB1,2010,Campaign,
MAB1,2012,Campaign,
MAB1,2014,Campaign,
MABN,2012,Continuous,
MABN,2013,Continuous,
MAC2,2009,Campaign,
MAC2,2010,Campaign,
MAC2,2012,Campaign,
MAC2,2014,Campaign,
MACL,2014,Campaign,
MACR,2008,Campaign,
MACR,2009,Campaign,
MACR,2011,Campaign,
MACR,2013,Campaign,
MACR,2019,Campaign,
MAD2,2009,Campaign,
MAD2,2010,Campaign,
MAD2,2014,Campaign,
MAE1,2004,Campaign,
MAE1,2009,Campaign,
MAE1,2010,Campaign,
MAE1,2012,Campaign,
MAE1,2014,Campaign,
MAGA,2006,Campaign,
MAGA,2008,Campaign,
MAGA,2009,Campaign,
MAGA,2011,Campaign,
MAGA,2013,Campaign,
MAL1,2002,Campaign,
MAL1,2003,Campaign,
MAL1,2004,Campaign,
MAL1,2009,Campaign,
MAL1,2010,Campaign,
MAL1,2014,Campaign,
MALA,2013,Continuous,
MALG,2012,Continuous,Data complete
MALG,2013,Continuous,Data complete
MALS,2013,Continuous,
MAMB,2010,Continuous,Data complete
MAMB,2012,Continuous,Data complete
MAMB,2013,Continuous,Data complete
MARK,2013,Continuous,
MARK,2017,Continuous,
MASF,1997,Campaign,
MASF,1999,Campaign,
MASF,2002,Campaign,
MASF,2003,Campaign,
MASF,2004,Campaign,
MASF,2009,Campaign,
MASF,2010,Campaign,
MASF,2012,Campaign,
MASF,2014,Campaign,
MASG,1997,Campaign,
MASG,1999,Campaign,
MASG,2002,Campaign,
MASG,2003,Campaign,
MASG,2004,Campaign,
MASG,2009,Campaign,
MASG,2010,Campaign,
MASG,2014,Campaign,
MASH,1997,Campaign,
MASH,1999,Campaign,
MASH,2002,Campaign,
MASH,2003,Campaign,
MASH,2004,Campaign,
MASH,2009,Campaign,
MASH,2010,Campaign,
MASH,2014,Campaign,
MASH,2016,Campaign,
MASI,1997,Campaign,Complete
MASI,1999,Campaign,Complete
MASI,2002,Campaign,Complete
MASI,2003,Campaign,Complete
MASI,2004,Campaign,Complete
MASI,2009,Campaign,Complete
MASI,2010,Campaign,Complete
MASI,2012,Campaign,Complete
MASI,2014,Campaign,Complete
MASJ,1999,Campaign,
MASJ,2002,Campaign,
MASJ,2003,Campaign,
MASJ,2004,Campaign,
MASJ,2009,Campaign,
MASJ,2010,Campaign,
MASJ,2012,Campaign,
MASJ,2014,Campaign,
MASM,2014,Campaign,
MASU,2014,Campaign,
MATA,2013,Campaign,
MAUB,2013,Continuous,
MDQT,2010,Campaign,
MDQT,2011,Campaign,
MDQT,2013,Campaign,
MDVS,2010,Campaign,
MDVS,2012,Campaign,
MPCK,2010,Campaign,
MPCK,2014,Campaign,
MRIK,2008,Campaign,
MRIK,2009,Campaign,
MRIK,2011,Campaign,
MRIK,2012,Campaign,
MRIK,2013,Campaign,
MRIK,2019,Campaign,
MSW3,2010,Campaign,
MSW3,2012,Campaign,
MUNT,2013,Continuous,
MUNZ,2012,Continuous,
N132,2008,Campaign,
N132,2009,Campaign,
N132,2011,Campaign,
N132,2012,Campaign,
N132,2013,Campaign,
N688,2006,Campaign,
N688,2008,Campaign,
N688,2010,Campaign,
N688,2011,Campaign,
N688,2013,Campaign,
N688,2017,Campaign,
NAUJ,2010,Continuous,
NAUJ,2012,Continuous,
NAUJ,2013,Continuous,
NAVA,2001,Campaign,
NAVA,2002,Campaign,
NAVA,2009,Campaign,
NAVA,2011,Campaign,
NE21,2008,Campaign,
NE21,2009,Campaign,
NE21,2011,Campaign,
NE21,2013,Campaign,
NLCE,2009,Campaign,
NLCE,2011,Campaign,
NLCR,2009,Campaign,
NLCR,2011,Campaign,
NLL1,2009,Campaign,
NLL1,2011,Campaign,
NLL2,2009,Campaign,To retrieve
NLL2,2011,Campaign,To retrieve
NLL2,2012,Campaign,To retrieve
NLSB,2009,Campaign,
NLSB,2011,Campaign,
NLSI,1997,Campaign,
NLSI,1999,Campaign,
NLSI,2001,Campaign,
NLSI,2009,Campaign,
NLSI,2011,Campaign,
NLSN,2009,Campaign,
NLSN,2011,Campaign,
NLSN,2012,Campaign,
NMAB,2010,Campaign,
NMAB,2011,Campaign,
NMAB,2012,Campaign,
NMCO,2010,Campaign,
NMCO,2011,Campaign,
NMCO,2012,Campaign,
NMJA,2010,Campaign,Retrieving
NMJA,2011,Campaign,Retrieving
NMJA,2012,Campaign,Retrieving
NMJA,2013,Campaign,Retrieving
NMLM,2010,Campaign,
NMLM,2011,Campaign,
NMLM,2012,Campaign,
NMMB,2010,Campaign,Converting
NMMB,2011,Campaign,Converting
NMMB,2012,Campaign,Converting
NMSF,2010,Campaign,
NMSF,2011,Campaign,
NMSF,2012,Campaign,
NMSF,2016,Campaign,
NMSM,2010,Campaign,
NMSM,2011,Campaign,
NMSM,2012,Campaign,
NOMA,2008,Campaign,
NOMA,2010,Campaign,
NOMA,2011,Campaign,
NOMB,2010,Campaign,
NOMB,2011,Campaign,
NOMC,2007,Campaign,
NOMC,2010,Campaign,
NOMC,2011,Campaign,
NOMD,2008,Campaign,
NOMD,2010,Campaign,
NOMD,2011,Campaign,
NOMD,2018,Campaign,
NOME,2008,Campaign,
NOME,2010,Campaign,
NOME,2011,Campaign,
NOMF,2007,Campaign,
NOMF,2010,Campaign,
NOMF,2011,Campaign,
NOMG,2007,Campaign,
NOMG,2010,Campaign,
NOMG,2011,Campaign,
NOMH,2008,Campaign,
NOMH,2010,Campaign,
NOMH,2011,Campaign,
NOMH,2015,Campaign,
NOMI,2008,Campaign,
NOMI,2010,Campaign,
NOMI,2011,Campaign,
NOMK,2007,Campaign,
NOMK,2010,Campaign,
NOMK,2011,Campaign,
NOML,2008,Campaign,
NOML,2010,Campaign,
NOML,2011,Campaign,
NOML,2017,Campaign,
NPAK,2010,Campaign,
NPAK,2011,Campaign,
NPAK,2012,Campaign,
NPAL,2010,Campaign,
NPAL,2011,Campaign,
NPAL,2012,Campaign,
NPIE,2010,Campaign,
NPIE,2011,Campaign,
NV47,2008,Campaign,
NV47,2009,Campaign,
NV47,2011,Campaign,
NV47,2012,Campaign,
NV47,2013,Campaign,
NVY2,2008,Campaign,Complete
NVY2,2009,Campaign,Complete
NVY2,2011,Campaign,Complete
NVY2,2013,Campaign,Complete
NVY3,1998,Campaign,
NVY3,2008,Campaign,
NVY3,2009,Campaign,
NVY3,2011,Campaign,
NVY3,2013,Campaign,
NVY9,2008,Campaign,
NVY9,2009,Campaign,
NVY9,2011,Campaign,
NVY9,2012,Campaign,
NVY9,2013,Campaign,
ODON,2008,Campaign,
ODON,2009,Campaign,
ODON,2011,Campaign,
ODON,2013,Campaign,
PABL,1999,Campaign,
PABL,2000,Campaign,
PABL,2004,Campaign,
PABL,2008,Campaign,
PABL,2009,Campaign,
PABL,2011,Campaign,
PABL,2013,Campaign,
PANC,2009,Campaign,
PANC,2011,Campaign,
PANC,2012,Campaign,
PANC,2013,Campaign,
PANC,2015,Campaign,
PDCS,2014,Campaign,
PNBO,2013,Continuous,
PNG5,2009,Campaign,
PNG5,2010,Campaign,
PNG5,2011,Campaign,
PNG5,2013,Campaign,
PNG5,2014,Campaign,
PTBN,2012,Continuous,
PUER,2010,Continuous,
PUER,2012,Continuous,
PUER,2013,Continuous,
PWSU,2012,Campaign,
QN42,2005,Campaign,
QN42,2006,Campaign,
QN42,2008,Campaign,
QN42,2010,Campaign,
QN42,2011,Campaign,
QN42,2013,Campaign,
QZN1,2013,Campaign,
QZN3,2008,Campaign,
QZN3,2011,Campaign,
QZN3,2012,Campaign,
QZN3,2013,Campaign,
QZNA,2013,Campaign,
RCPS,2010,Campaign,
RCPS,2011,Campaign,
RCPS,2012,Campaign,
ROXA,2010,Continuous,
ROXA,2012,Continuous,
ROXA,2013,Continuous,
S289,2009,Campaign,
S289,2011,Campaign,
S289,2012,Campaign,
S289,2013,Campaign,
SABL,2010,Continuous,To convert
SABL,2012,Continuous,To convert
SABL,2013,Continuous,To convert
SIBA,2005,Campaign,
SIBA,2008,Campaign,
SIBA,2010,Campaign,
SIBA,2011,Campaign,
SIBA,2013,Campaign,
SIBB,2005,Campaign,
SIBB,2008,Campaign,
SIBB,2010,Campaign,
SIBB,2011,Campaign,
SIBB,2013,Campaign,
SIBC,2005,Campaign,
SIBC,2006,Campaign,
SIBC,2008,Campaign,
SIBC,2010,Campaign,
SIBC,2011,Campaign,
SIBC,2012,Campaign,
SIBC,2013,Campaign,
SIBC,2014,Campaign,
SIBC,2018,Campaign,
SIBE,2005,Campaign,
SIBE,2006,Campaign,
SIBE,2008,Campaign,
SIBE,2010,Campaign,
SIBE,2011,Campaign,
SIBE,2012,Campaign,
SIBE,2013,Campaign,
SIBE,2017,Campaign,
SIBF,2005,Campaign,Converting
SIBF,2008,Campaign,Converting
SIBF,2011,Campaign,Converting
SIBF,2013,Campaign,Converting
SIBF,2015,Campaign,Converting
SIBF,2017,Campaign,Converting
SIBH,2005,Campaign,
SIBH,2006,Campaign,
SIBH,2008,Campaign,
SIBH,2011,Campaign,
SIBH,2013,Campaign,
SIBI,2005,Campaign,
SIBI,2008,Campaign,
SIBI,2011,Campaign,
SIBI,2013,Campaign,
SIBI,2017,Campaign,
SIBJ,2005,Campaign,
SIBJ,2008,Campaign,
SIBJ,2010,Campaign,
SIBJ,2011,Campaign,
SIBJ,2013,Campaign,
SIBK,2005,Campaign,
SIBK,2008,Campaign,
SIBK,2010,Campaign,
SIBK,2011,Campaign,
SIBK,2013,Campaign,
SIBK,2017,Campaign,
SIBL,2005,Campaign,
SIBL,2008,Campaign,
SIBL,2010,Campaign,
SIBL,2011,Campaign,
SIBL,2013,Campaign,
SIBL,2017,Campaign,
SINA,2009,Campaign,Complete
SINA,2010,Campaign,Complete
SINA,2012,Campaign,Complete
SINB,2009,Campaign,
SINB,2010,Campaign,
SINB,2012,Campaign,
SINB,2014,Campaign,
SINC,2009,Campaign,
SINC,2010,Campaign,
SINC,2012,Campaign,
SIND,2009,Campaign,
SIND,2010,Campaign,
SIND,2012,Campaign,
SINE,2009,Campaign,
SINE,2010,Campaign,
SINE,2012,Campaign,
SINF,2009,Campaign,
SINF,2010,Campaign,
SINF,2012,Campaign,
SING,2010,Campaign,
SINH,2010,Campaign,
SINH,2014,Campaign,
SISN,2008,Campaign,
SISN,2009,Campaign,
SISN,2011,Campaign,
SISN,2013,Campaign,
SISN,2019,Campaign,
SJAQ,2010,Campaign,
SLSB,2010,Campaign,
SLSB,2011,Campaign,
SLSB,2012,Campaign,
SLSB,2014,Campaign,
SMAT,2009,Campaign,
SMAT,2011,Campaign,
SMAT,2012,Campaign,
SMAT,2013,Campaign,
SMCL,2010,Campaign,
SMCL,2011,Campaign,
SMCP,2010,Campaign,
SMCP,2011,Campaign,
SMCP,2012,Campaign,
SMD1,2010,Campaign,
SMD1,2017,Campaign,
SMDB,2010,Campaign,
SMDB,2011,Campaign,
SMDM,2010,Campaign,
SMDM,2011,Campaign,
SMDM,2012,Campaign,
SMDS,2009,Campaign,
SMDS,2010,Campaign,
SMDS,2011,Campaign,
SMDS,2012,Campaign,
SMDS,2013,Campaign,
SMDT,2010,Campaign,
SMDT,2012,Campaign,
SMMM,2010,Campaign,
SMMM,2011,Campaign,
SMMM,2012,Campaign,
SMSK,2010,Campaign,
SMSK,2012,Campaign,
SOLA,2004,Campaign,
SOLA,2005,Campaign,
SOLA,2009,Campaign,
SOLA,2010,Campaign,
SOLA,2011,Campaign,
SOLA,2012,Continuous,
SOLA,2012,Campaign,
SOLB,2004,Campaign,
SOLB,2006,Campaign,
SOLB,2009,Campaign,
SOLB,2010,Campaign,
SOLB,2011,Campaign,
SOLB,2012,Campaign,
SOLC,2004,Campaign,
SOLC,2006,Campaign,
SOLC,2010,Campaign,
SOLC,2011,Campaign,
SOLD,2004,Campaign,Complete
SOLD,2006,Campaign,Complete
SOLD,2009,Campaign,Complete
SOLD,2010,Campaign,Complete
SOLD,2011,Campaign,Complete
SOLD,2012,Campaign,Complete
SOLE,2004,Campaign,
SOLE,2006,Campaign,
SOLE,2010,Campaign,
SOLE,2011,Campaign,
SOLF,2004,Campaign,
SOLF,2006,Campaign,
SOLF,2010,Campaign,
SOLF,2011,Campaign,
SOLG,2004,Campaign,
SOLG,2006,Campaign,
SOLG,2009,Campaign,
SOLG,2010,Campaign,
SOLG,2011,Campaign,
SOLG,2012,Campaign,
SOLH,2004,Campaign,
SOLH,2006,Campaign,
SOLH,2009,Campaign,
SOLH,2010,Campaign,
SOLH,2011,Campaign,
SOLI,2009,Campaign,
SOLI,2010,Campaign,
SOLI,2011,Campaign,
SOLJ,2004,Campaign,
SOLJ,2006,Campaign,
SOLJ,2010,Campaign,
SOLJ,2011,Campaign,
SOLK,2004,Campaign,
SOLK,2005,Campaign,
SOLK,2009,Campaign,
SOLK,2010,Campaign,
SOLK,2011,Campaign,
SOLK,2012,Campaign,
SOLL,2010,Campaign,
SOLL,2011,Campaign,
SOMA,2007,Campaign,
SOMA,2010,Campaign,
SOMA,2011,Campaign,
SOMB,2007,Campaign,
SOMB,2010,Campaign,
SOMB,2011,Campaign,
SOMB,2017,Campaign,
SOMC,2007,Campaign,
SOMC,2010,Campaign,
SOMC,2011,Campaign,
SOMD,2007,Campaign,Complete
SOMD,2010,Campaign,Complete
SOMD,2011,Campaign,Complete
SOME,2007,Campaign,
SOME,2010,Campaign,
SOME,2011,Campaign,
SOME,2013,Campaign,
SOMF,2007,Campaign,
SOMF,2010,Campaign,
SOMF,2011,Campaign,
SOMG,2007,Campaign,
SOMG,2010,Campaign,
SOMG,2011,Campaign,
SOMG,2013,Campaign,
SOMH,2007,Campaign,
SOMH,2010,Campaign,
SOMH,2011,Campaign,
SOMI,2007,Campaign,
SOMI,2011,Campaign,
SOMJ,2007,Campaign,
SOMJ,2010,Campaign,
SOMJ,2011,Campaign,
SOMJ,2017,Campaign,
SOMK,2007,Campaign,
SOMK,2011,Campaign,
SOMK,2016,Campaign,
SOMK,2017,Campaign,
SOML,2007,Campaign,
SOML,2010,Campaign,
SOML,2011,Campaign,
SOMM,2007,Campaign,
SOMM,2010,Campaign,
SOMM,2011,Campaign,
SOMM,2013,Campaign,
SOMM,2017,Campaign,
SPAB,2013,Continuous,
SRQE,2009,Campaign,
SRQE,2010,Campaign,
SRQE,2011,Campaign,
SRQE,2013,Campaign,
SUAL,2006,Campaign,
SUAL,2008,Campaign,
SUAL,2009,Campaign,
SUAL,2011,Campaign,
SUAL,2013,Campaign,
TAGB,2008,Campaign,To retrieve
TAGB,2010,Campaign,To retrieve
TAGB,2011,Campaign,To retrieve
TANY,2013,Continuous,
TARL,2006,Campaign,
TARL,2008,Campaign,
TARL,2009,Campaign,
TAWI,2012,Continuous,To convert
TAWI,2013,Continuous,To convert
TCGN,2013,Continuous,
TGDN,2012,Continuous,
TNDG,2013,Continuous,To retrieve
TONA,1995,Campaign,
TONA,1997,Campaign,
TONA,1999,Campaign,
TONA,2001,Campaign,
TONA,2009,Campaign,
TONA,2011,Campaign,
TONF,1999,Campaign,
TONF,2001,Campaign,
TONF,2009,Campaign,
TONF,2011,Campaign,
TONU,2001,Campaign,
TRC3,2008,Campaign,
TRC3,2009,Campaign,
TRC3,2011,Campaign,
TRC3,2013,Campaign,
TRLC,2015,Campaign,
TUAO,2012,Continuous,
TUKU,2010,Campaign,
URDT,2012,Continuous,
URDT,2013,Continuous,
VIGN,2012,Continuous,
VIGN,2013,Continuous,
VRC4,2007,Campaign,
VRC4,2015,Campaign,
ZBS1,2008,Campaign,
ZBS1,2009,Campaign,
ZBS1,2011,Campaign,
ZBS1,2013,Campaign,
ZBS3,2008,Campaign,
ZBS3,2009,Campaign,
ZBS3,2011,Campaign,
ZBS3,2013,Campaign,
